<?xml version="1.0" encoding="UTF-8" standalone="yes"?><PurchaseOrderHeader><buyer><address>Street ABC 1</address><city>Manchester</city><country>UK</country><name>John Solo</name><postCode>AB 673</postCode></buyer><items><article>X1</article><description>Printer Injet</description><quantity>1</quantity></items><items><article>R4</article><description>Optic mouse</description><quantity>1</quantity></items><items><article>M3</article><description>Ergo keyboard</description><quantity>1</quantity></items><items><article>X4</article><description>CD-RW</description><quantity>10</quantity></items><orderDate>2009-04-26T22:04:22</orderDate><orderNumber>1</orderNumber></PurchaseOrderHeader>