<fop version="1.0">

<!-- http://xmlgraphics.apache.org/fop/0.95/configuration.html -->

  <!-- Strict user configuration -->
  <strict-configuration>true</strict-configuration>

  <!-- Strict FO validation -->
  <strict-validation>true</strict-validation>

  <!-- Base URL for resolving relative URLs -->
  <base>./</base>

  <!-- Font Base URL for resolving relative font URLs -->
  <font-base>./</font-base>

  <!-- Source resolution in dpi (dots/pixels per inch) for determining the size of pixels in SVG and bitmap images, default: 72dpi -->
  <source-resolution>72</source-resolution>
  <!-- Target resolution in dpi (dots/pixels per inch) for specifying the target resolution for generated bitmaps, default: 72dpi -->
  <target-resolution>72</target-resolution>

  <!-- default page-height and page-width, in case
       value is specified as auto -->
  <default-page-settings height="11in" width="8.26in"/>
  
 <renderers>
    <renderer mime="application/pdf">
      <filterList>
        <!-- provides compression using zlib flate (default is on) -->
        <value>flate</value>
      </filterList>
      <fonts>

<!-- http://xmlgraphics.apache.org/fop/0.95/fonts.html#register -->

  <!-- register a particular font -->
<!--
   <font metrics-url="file:///C:/myfonts/arabic.xml" kerning="yes"
      embed-url="file:///C:/myfonts/arabtype.ttf">
     <font-triplet name="ArabicTypesetting" style="normal" weight="normal"/>
  </font>
 -->

  <!-- register all the fonts found in a directory -->
<!--
  <directory>C:\myfonts</directory>
  -->

  <!-- register all the fonts found in a directory
       and all of its sub directories (use with care) -->
  <!-- <directory recursive="true">C:\MyFonts2</directory> -->

  <!-- automatically detect operating system installed fonts -->
  <auto-detect/>  


<!--
        <font metrics-url="arial.xml" kerning="yes" embed-url="arial.ttf">
          <font-triplet name="Arial" style="normal" weight="normal"/>
          <font-triplet name="ArialMT" style="normal" weight="normal"/>
        </font>
        <font metrics-url="arialb.xml" kerning="yes" embed-url="arialb.ttf">
          <font-triplet name="Arial" style="normal" weight="bold"/>
          <font-triplet name="ArialMT" style="normal" weight="bold"/>
        </font>
-->

      </fonts>
    </renderer>
 </renderers>
</fop>


