<?xml version="1.0" encoding="UTF-8"?>
<ROWSET>
   <ROW>
      <ID>1</ID>
      <TASK_NAME>HR software needs upgrade</TASK_NAME>
      <START_DATE>01-DEC-04</START_DATE>
      <END_DATE>14-JAN-05</END_DATE>
      <STATUS>open</STATUS>
      <ASSIGNED_TO>Pam King</ASSIGNED_TO>
      <PROJECT_ID>2</PROJECT_ID>
   </ROW>
   <ROW>
      <ID>2</ID>
      <TASK_NAME>Apply Billing System updates</TASK_NAME>
      <START_DATE>15-DEC-04</START_DATE>
      <END_DATE>22-DEC-04</END_DATE>
      <STATUS>open</STATUS>
      <ASSIGNED_TO>Russ Sanders</ASSIGNED_TO>
      <PROJECT_ID>2</PROJECT_ID>
   </ROW>
   <ROW>
      <ID>3</ID>
      <TASK_NAME>Investigate new Virus Protection software</TASK_NAME>
      <START_DATE>15-DEC-04</START_DATE>
      <END_DATE>28-JAN-05</END_DATE>
      <STATUS>open</STATUS>
      <ASSIGNED_TO>Pam King</ASSIGNED_TO>
      <PROJECT_ID>2</PROJECT_ID>
   </ROW>
   <ROW>
      <ID>4</ID>
      <TASK_NAME>Arrange for holiday coverage</TASK_NAME>
      <START_DATE>01-NOV-04</START_DATE>
      <END_DATE>15-NOV-04</END_DATE>
      <STATUS>closed</STATUS>
      <ASSIGNED_TO>Al Bines</ASSIGNED_TO>
      <PROJECT_ID>2</PROJECT_ID>
   </ROW>
   <ROW>
      <ID>5</ID>
      <TASK_NAME>Complete plan</TASK_NAME>
      <START_DATE>15-NOV-04</START_DATE>
      <END_DATE>30-NOV-04</END_DATE>
      <STATUS>closed</STATUS>
      <ASSIGNED_TO>Mark Nile</ASSIGNED_TO>
      <PROJECT_ID>4</PROJECT_ID>
   </ROW>
   <ROW>
      <ID>6</ID>
      <TASK_NAME>Check software licenses</TASK_NAME>
      <START_DATE>01-DEC-04</START_DATE>
      <END_DATE>15-DEC-04</END_DATE>
      <STATUS>open</STATUS>
      <ASSIGNED_TO>Mark Nile</ASSIGNED_TO>
      <PROJECT_ID>4</PROJECT_ID>
   </ROW>
   <ROW>
      <ID>7</ID>
      <TASK_NAME>Get RFPs for new server</TASK_NAME>
      <START_DATE>01-DEC-04</START_DATE>
      <END_DATE>30-DEC-04</END_DATE>
      <STATUS>open</STATUS>
      <ASSIGNED_TO>Mark Nile</ASSIGNED_TO>
      <PROJECT_ID>4</PROJECT_ID>
   </ROW>
   <ROW>
      <ID>8</ID>
      <TASK_NAME>Purchase backup server</TASK_NAME>
      <START_DATE>17-JAN-05</START_DATE>
      <END_DATE>21-JAN-05</END_DATE>
      <STATUS>open</STATUS>
      <ASSIGNED_TO>Al Bines</ASSIGNED_TO>
      <PROJECT_ID>4</PROJECT_ID>
   </ROW>
   <ROW>
      <ID>9</ID>
      <TASK_NAME>Complete questionaire</TASK_NAME>
      <START_DATE>19-JAN-05</START_DATE>
      <END_DATE>28-JAN-05</END_DATE>
      <STATUS>open</STATUS>
      <ASSIGNED_TO>Irene Jones</ASSIGNED_TO>
      <PROJECT_ID>3</PROJECT_ID>
   </ROW>
   <ROW>
      <ID>10</ID>
      <TASK_NAME>Review with legal</TASK_NAME>
      <START_DATE>31-JAN-05</START_DATE>
      <END_DATE>04-FEB-05</END_DATE>
      <STATUS>open</STATUS>
      <ASSIGNED_TO>Irene Jones</ASSIGNED_TO>
      <PROJECT_ID>3</PROJECT_ID>
   </ROW>
   <ROW>
      <ID>11</ID>
      <TASK_NAME>Plan rollout schedule</TASK_NAME>
      <START_DATE>17-JAN-05</START_DATE>
      <END_DATE>21-JAN-05</END_DATE>
      <STATUS>open</STATUS>
      <ASSIGNED_TO>Irene Jones</ASSIGNED_TO>
      <PROJECT_ID>3</PROJECT_ID>
   </ROW>
   <ROW>
      <ID>12</ID>
      <TASK_NAME>Determine host server</TASK_NAME>
      <START_DATE>15-NOV-04</START_DATE>
      <END_DATE>30-NOV-04</END_DATE>
      <STATUS>closed</STATUS>
      <ASSIGNED_TO>Tom Suess</ASSIGNED_TO>
      <PROJECT_ID>1</PROJECT_ID>
   </ROW>
   <ROW>
      <ID>13</ID>
      <TASK_NAME>Check software licenses</TASK_NAME>
      <START_DATE>15-NOV-04</START_DATE>
      <END_DATE>30-NOV-04</END_DATE>
      <STATUS>closed</STATUS>
      <ASSIGNED_TO>Tom Suess</ASSIGNED_TO>
      <PROJECT_ID>1</PROJECT_ID>
   </ROW>
   <ROW>
      <ID>14</ID>
      <TASK_NAME>"Purchase additional software licenses, if needed"</TASK_NAME>
      <START_DATE>30-NOV-04</START_DATE>
      <END_DATE>10-DEC-04</END_DATE>
      <STATUS>on-hold</STATUS>
      <ASSIGNED_TO>Al Bines</ASSIGNED_TO>
      <PROJECT_ID>1</PROJECT_ID>
   </ROW>
   <ROW>
      <ID>15</ID>
      <TASK_NAME>Develop web pages</TASK_NAME>
      <START_DATE>15-NOV-04</START_DATE>
      <END_DATE>15-DEC-04</END_DATE>
      <STATUS>open</STATUS>
      <ASSIGNED_TO>Scott Tiger</ASSIGNED_TO>
      <PROJECT_ID>1</PROJECT_ID>
   </ROW>
   <ROW>
      <ID>16</ID>
      <TASK_NAME>Plan rollout schedule</TASK_NAME>
      <START_DATE>15-NOV-04</START_DATE>
      <END_DATE>03-DEC-04</END_DATE>
      <STATUS>closed</STATUS>
      <ASSIGNED_TO>Tom Suess</ASSIGNED_TO>
      <PROJECT_ID>1</PROJECT_ID>
   </ROW>
</ROWSET>