<?xml version="1.0" encoding="iso-8859-1"?>
<sales>
  <month>
    <name>June</name>
    <products>20</products>
    <services>30</services>
  </month>

  <month>
    <name>July</name>
    <products>10</products>
    <services>20</services>
  </month>

  <month>
    <name>August</name>
    <products>30</products>
    <services>10</services>
  </month>


  <month>
    <name>Sept</name>
    <products>40</products>
    <services>20</services>
  </month>


  <month>
    <name>Oct</name>
    <products>50</products>
    <services>10</services>
  </month>

  <month>
    <name>Nov</name>
    <products>50</products>
    <services>15</services>
  </month>

</sales>