﻿<?xml version="1.0" encoding="utf-8"?>
<INVOIC01>
  <IDOC BEGIN="1">
    <EDI_DC40 SEGMENT="1">
      <TABNAM></TABNAM>
      <MANDT>001</MANDT>
      <DOCNUM>0000000000301111</DOCNUM>
      <DOCREL>46B</DOCREL>
      <STATUS>30</STATUS>
      <DIRECT>1</DIRECT>
      <OUTMOD>3</OUTMOD>
      <IDOCTYP>INVOIC01</IDOCTYP>
      <MESTYP>INVOIC</MESTYP>
      <STD>X</STD>
      <STDVRS>3/70</STDVRS>
      <STDMES></STDMES>
      <SNDPOR>SAPQ01</SNDPOR>
      <SNDPRT>LS</SNDPRT>
      <SNDPRN>Q01CLNT001</SNDPRN>
      <RCVPOR>TEST</RCVPOR>
      <RCVPRT>KU</RCVPRT>
      <RCVPFC>RE</RCVPFC>
      <RCVPRN>TEST</RCVPRN>
      <CREDAT>20081122</CREDAT>
      <CRETIM>181026</CRETIM>
    </EDI_DC40>
    <E1EDK01 SEGMENT="1">
      <CURCY>EUR</CURCY>
      <BSART>INVO</BSART>
      <BELNR>0050000001</BELNR>
      <FKTYP>L</FKTYP>
    </E1EDK01>
    <E1EDKA1 SEGMENT="1">
      <PARVW>RS</PARVW>
      <PARTN>01</PARTN>
      <NAME1>XYZ Retail</NAME1>
      <STRAS>Freedom av 8</STRAS>
      <PFACH>34567</PFACH>
      <ORT01>Paris</ORT01>
      <PSTLZ>00002</PSTLZ>
      <PSTL2>00001</PSTL2>
      <LAND1>FR</LAND1>
    </E1EDKA1>
    <E1EDKA1 SEGMENT="1">
      <PARVW>AG</PARVW>
      <PARTN>01</PARTN>
      <NAME1>ABC industries</NAME1>
      <STRAS>London street 8</STRAS>
      <PFACH>12345</PFACH>
      <ORT01>Manchester</ORT01>
      <PSTLZ>12345</PSTLZ>
      <PSTL2>12345</PSTL2>
      <LAND1>GB</LAND1>
    </E1EDKA1>
    <E1EDKA1 SEGMENT="1">
      <PARVW>RE</PARVW>
      <PARTN>01</PARTN>
      <NAME1>ABC industries</NAME1>
      <STRAS>London street 8</STRAS>
      <PFACH>12345</PFACH>
      <ORT01>Manchester</ORT01>
      <PSTLZ>12345</PSTLZ>
      <PSTL2>12345</PSTL2>
      <LAND1>GB</LAND1>
    </E1EDKA1>
    <E1EDKA1 SEGMENT="1">
      <PARVW>RG</PARVW>
      <PARTN>01</PARTN>
      <NAME1>ABC industries</NAME1>
      <STRAS>London street 8</STRAS>
      <PFACH>12345</PFACH>
      <ORT01>Manchester</ORT01>
      <PSTLZ>12345</PSTLZ>
      <PSTL2>12345</PSTL2>
      <LAND1>GB</LAND1>
    </E1EDKA1>
    <E1EDK02 SEGMENT="1">
      <QUALF>001</QUALF>
      <BELNR>5000000300</BELNR>
      <DATUM>20081122</DATUM>
    </E1EDK02>
    <E1EDK02 SEGMENT="1">
      <QUALF>002</QUALF>
      <BELNR>0000000123</BELNR>
      <DATUM>20081122</DATUM>
    </E1EDK02>
    <E1EDK02 SEGMENT="1">
      <QUALF>012</QUALF>
      <BELNR>0099000100</BELNR>
      <DATUM>20081123</DATUM>
    </E1EDK02>
    <E1EDK03 SEGMENT="1">
      <IDDAT>026</IDDAT>
      <DATUM>20081122</DATUM>
    </E1EDK03>
    <E1EDK03 SEGMENT="1">
      <IDDAT>001</IDDAT>
      <DATUM>20081123</DATUM>
    </E1EDK03>
    <E1EDK03 SEGMENT="1">
      <IDDAT>022</IDDAT>
      <DATUM>20081122</DATUM>
    </E1EDK03>
    <E1EDK03 SEGMENT="1">
      <IDDAT>012</IDDAT>
      <DATUM>20081122</DATUM>
    </E1EDK03>
    <E1EDK03 SEGMENT="1">
      <IDDAT>011</IDDAT>
      <DATUM>20081122</DATUM>
    </E1EDK03>
<E1EDKT1>
	<TDID>006</TDID>
	<E1EDKT2>
		<TDLINE>This order was placed by Mr. Roger</TDLINE>
	</E1EDKT2>	

</E1EDKT1>
    <E1EDK14 SEGMENT="1">
      <QUALF>008</QUALF>
      <ORGID>0001</ORGID>
    </E1EDK14>
    <E1EDK14 SEGMENT="1">
      <QUALF>007</QUALF>
      <ORGID>01</ORGID>
    </E1EDK14>
    <E1EDK14 SEGMENT="1">
      <QUALF>006</QUALF>
      <ORGID>01</ORGID>
    </E1EDK14>
    <E1EDK14 SEGMENT="1">
      <QUALF>015</QUALF>
      <ORGID>F2</ORGID>
    </E1EDK14>
    <E1EDK14 SEGMENT="1">
      <QUALF>003</QUALF>
      <ORGID>0001</ORGID>
    </E1EDK14>
    <E1EDP01 SEGMENT="1">
      <POSEX>000010</POSEX>
      <MENGE>7.000</MENGE>
      <MENEE>PCE</MENEE>
      <NTGEW>5.530</NTGEW>
      <GEWEI>KGM</GEWEI>
      <BRGEW>8.610</BRGEW>
      <PSTYV>TAN</PSTYV>
      <E1EDP02 SEGMENT="1">
        <QUALF>001</QUALF>
        <BELNR>4500000328</BELNR>
        <ZEILE>000010</ZEILE>
        <DATUM>19990622</DATUM>
      </E1EDP02>
      <E1EDP02 SEGMENT="1">
        <QUALF>002</QUALF>
        <BELNR>0000000329</BELNR>
        <ZEILE>000010</ZEILE>
        <DATUM>20081122</DATUM>
      </E1EDP02>
      <E1EDP02 SEGMENT="1">
        <QUALF>016</QUALF>
        <BELNR>0080000189</BELNR>
        <ZEILE>000010</ZEILE>
      </E1EDP02>
      <E1EDP03 SEGMENT="1">
        <IDDAT>029</IDDAT>
        <DATUM>20081122</DATUM>
      </E1EDP03>
      <E1EDP03 SEGMENT="1">
        <IDDAT>001</IDDAT>
        <DATUM>20081123</DATUM>
      </E1EDP03>
      <E1EDP03 SEGMENT="1">
        <IDDAT>011</IDDAT>
        <DATUM>20081122</DATUM>
      </E1EDP03>
      <E1EDP03 SEGMENT="1">
        <IDDAT>025</IDDAT>
        <DATUM>20081122</DATUM>
      </E1EDP03>
      <E1EDP03 SEGMENT="1">
        <IDDAT>027</IDDAT>
        <DATUM>20081122</DATUM>
      </E1EDP03>
      <E1EDP03 SEGMENT="1">
        <IDDAT>023</IDDAT>
        <DATUM>20081122</DATUM>
      </E1EDP03>
      <E1EDP03 SEGMENT="1">
        <IDDAT>022</IDDAT>
        <DATUM>19990622</DATUM>
      </E1EDP03>
      <E1EDP19 SEGMENT="1">
        <QUALF>002</QUALF>
        <IDTNR>MATERIAL1</IDTNR>
        <KTEXT>Mec. Roll 34x54</KTEXT>
      </E1EDP19>
<E1EDPT1>
	<TDID>006</TDID>
	<E1EDPT2>
		<TDLINE>This is a comment to the delivery of item 1</TDLINE>
	</E1EDPT2>	
	

</E1EDPT1>
      <E1EDP26 SEGMENT="1">
        <QUALF>004</QUALF>
        <BETRG>124.39</BETRG>
      </E1EDP26>
      <E1EDP26 SEGMENT="1">
        <QUALF>003</QUALF>
        <BETRG>124.39</BETRG>
      </E1EDP26>
      <E1EDP26 SEGMENT="1">
        <QUALF>010</QUALF>
        <BETRG>124.39</BETRG>
      </E1EDP26>
      <E1EDP26 SEGMENT="1">
        <QUALF>011</QUALF>
        <BETRG>124.39</BETRG>
      </E1EDP26>
      <E1EDP26 SEGMENT="1">
        <QUALF>012</QUALF>
        <BETRG>124.39</BETRG>
      </E1EDP26>
      <E1EDP26 SEGMENT="1">
        <QUALF>001</QUALF>
        <BETRG>17.77</BETRG>
      </E1EDP26>
      <E1EDP26 SEGMENT="1">
        <QUALF>002</QUALF>
        <BETRG>124.39</BETRG>
      </E1EDP26>
      <E1EDPA1 SEGMENT="1">
        <PARVW>WE</PARVW>
        <LIFNR>0001</LIFNR>
        <NAME1>Factory 1</NAME1>
        <STRAS>Business park 28</STRAS>
        <PFACH>241</PFACH>
        <ORT01>London</ORT01>
        <PSTLZ>69190</PSTLZ>
        <PSTL2>69185</PSTL2>
        <LAND1>GB</LAND1>
      </E1EDPA1>
      <E1EDP05 SEGMENT="1">
        <ALCKZ>+</ALCKZ>
        <KOTXT>Brutto</KOTXT>
        <BETRG>124.39</BETRG>
        <KRATE>17.77</KRATE>
        <UPRBS>1</UPRBS>
        <MEAUN>PCE</MEAUN>
        <KOEIN>EUR</KOEIN>
        <KOBAS>7.00</KOBAS>
      </E1EDP05>
      <E1EDP04 SEGMENT="1">
        <MWSKZ>A0</MWSKZ>
        <MSATZ>0</MSATZ>
        <MWSBT>0</MWSBT>
      </E1EDP04>
    </E1EDP01>
    <E1EDP01 SEGMENT="1">
      <POSEX>000020</POSEX>
      <MENGE>17.000</MENGE>
      <MENEE>PCE</MENEE>
      <NTGEW>1588.650</NTGEW>
      <GEWEI>KGM</GEWEI>
      <BRGEW>1989.000</BRGEW>
      <PSTYV>TAN</PSTYV>
      <E1EDP03 SEGMENT="1">
        <IDDAT>029</IDDAT>
        <DATUM>20081122</DATUM>
      </E1EDP03>
      <E1EDP03 SEGMENT="1">
        <IDDAT>001</IDDAT>
        <DATUM>20081123</DATUM>
      </E1EDP03>
      <E1EDP03 SEGMENT="1">
        <IDDAT>011</IDDAT>
        <DATUM>20081122</DATUM>
      </E1EDP03>
      <E1EDP03 SEGMENT="1">
        <IDDAT>025</IDDAT>
        <DATUM>20081122</DATUM>
      </E1EDP03>
      <E1EDP03 SEGMENT="1">
        <IDDAT>027</IDDAT>
        <DATUM>20081122</DATUM>
      </E1EDP03>
      <E1EDP03 SEGMENT="1">
        <IDDAT>023</IDDAT>
        <DATUM>20081122</DATUM>
      </E1EDP03>
      <E1EDP03 SEGMENT="1">
        <IDDAT>022</IDDAT>
        <DATUM>20081122</DATUM>
      </E1EDP03>
      <E1EDP19 SEGMENT="1">
        <QUALF>002</QUALF>
        <IDTNR>Mat2</IDTNR>
        <KTEXT>Container 45 inches</KTEXT>
      </E1EDP19>

<E1EDPT1>
	<TDID>006</TDID>
	<E1EDPT2>
		<TDLINE>This is a comment to the delivery of item 2</TDLINE>
	</E1EDPT2>	
	<E1EDPT2>
		<TDLINE>This is another comment for item 2</TDLINE>
	</E1EDPT2>	

</E1EDPT1>

      <E1EDP26 SEGMENT="1">
        <QUALF>004</QUALF>
        <BETRG>313.65</BETRG>
      </E1EDP26>
      <E1EDP26 SEGMENT="1">
        <QUALF>003</QUALF>
        <BETRG>313.65</BETRG>
      </E1EDP26>
      <E1EDP26 SEGMENT="1">
        <QUALF>010</QUALF>
        <BETRG>313.65</BETRG>
      </E1EDP26>
      <E1EDP26 SEGMENT="1">
        <QUALF>011</QUALF>
        <BETRG>313.65</BETRG>
      </E1EDP26>
      <E1EDP26 SEGMENT="1">
        <QUALF>012</QUALF>
        <BETRG>313.65</BETRG>
      </E1EDP26>
      <E1EDP26 SEGMENT="1">
        <QUALF>001</QUALF>
        <BETRG>18.45</BETRG>
      </E1EDP26>
      <E1EDP26 SEGMENT="1">
        <QUALF>002</QUALF>
        <BETRG>313.65</BETRG>
      </E1EDP26>
      <E1EDPA1 SEGMENT="1">
        <PARVW>WE</PARVW>
        <LIFNR>0001</LIFNR>
        <NAME1>Factory 1</NAME1>
        <STRAS>Business park 28</STRAS>
        <PFACH>241</PFACH>
        <ORT01>London</ORT01>
        <PSTLZ>69190</PSTLZ>
        <PSTL2>69185</PSTL2>
        <LAND1>GB</LAND1>
      </E1EDPA1>
      <E1EDP05 SEGMENT="1">
        <ALCKZ>+</ALCKZ>
        <KOTXT>Brutto</KOTXT>
        <BETRG>313.65</BETRG>
        <KRATE>18.45</KRATE>
        <UPRBS>1</UPRBS>
        <MEAUN>PCE</MEAUN>
        <KOEIN>EUR</KOEIN>
        <KOBAS>17.00</KOBAS>
      </E1EDP05>
      <E1EDP04 SEGMENT="1">
        <MWSKZ>A0</MWSKZ>
        <MSATZ>0</MSATZ>
        <MWSBT>0</MWSBT>
      </E1EDP04>
    </E1EDP01>
    <E1EDS01 SEGMENT="1">
      <SUMID>001</SUMID>
      <SUMME>2</SUMME>
    </E1EDS01>
    <E1EDS01 SEGMENT="1">
      <SUMID>012</SUMID>
      <SUMME>438.04</SUMME>
      <WAERQ>EUR</WAERQ>
    </E1EDS01>
    <E1EDS01 SEGMENT="1">
      <SUMID>005</SUMID>
      <SUMME>0</SUMME>
      <WAERQ>EUR</WAERQ>
    </E1EDS01>
    <E1EDS01 SEGMENT="1">
      <SUMID>011</SUMID>
      <SUMME>438.04</SUMME>
      <WAERQ>EUR</WAERQ>
    </E1EDS01>
    <E1EDS01 SEGMENT="1">
      <SUMID>010</SUMID>
      <SUMME>438.04</SUMME>
      <WAERQ>EUR</WAERQ>
    </E1EDS01>
  </IDOC>
</INVOIC01>