<?xml version="1.0" encoding="utf-8"?>
<DOCUMENT>
  <DATE>08/10/2013</DATE>
  <USER_NAME>ADMIN</USER_NAME>
  <APP_ID>100</APP_ID>
  <APP_NAME>Oracle APEX AppBuilder</APP_NAME>
  <TITLE>OrderQuery2</TITLE>
  <P29_USER_ID/>
  <REGION ID="0">
    <ROWSET1>
      <ROWSET1_ROW>
        <ORDER_ID>8</ORDER_ID>
        <CUSTOMER_ID>4</CUSTOMER_ID>
        <ORDER_TOTAL>1060</ORDER_TOTAL>
        <ORDER_TIMESTAMP>05/16/2013</ORDER_TIMESTAMP>
        <CUST_FIRST_NAME>Edward "Butch"</CUST_FIRST_NAME>
        <CUST_LAST_NAME>OHare</CUST_LAST_NAME>
        <CUST_STREET_ADDRESS1>10000 West OHare</CUST_STREET_ADDRESS1>
        <CUST_CITY>Chicago</CUST_CITY>
        <CUST_EMAIL/>
      </ROWSET1_ROW>

      <ROWSET1_ROW>
        <ORDER_ID>9</ORDER_ID>
        <CUSTOMER_ID>5</CUSTOMER_ID>
        <ORDER_TOTAL>270</ORDER_TOTAL>
        <ORDER_TIMESTAMP>05/13/2013</ORDER_TIMESTAMP>
        <CUST_FIRST_NAME>John</CUST_FIRST_NAME>
        <CUST_LAST_NAME>Dole</CUST_LAST_NAME>
        <CUST_STREET_ADDRESS1>Springfield road 1</CUST_STREET_ADDRESS1>
        <CUST_CITY>Boston</CUST_CITY>
        <CUST_EMAIL/>
      </ROWSET1_ROW>
    </ROWSET1>
    <ROWSET2>
      <ROWSET2_ROW>
        <ORDER_ID>8</ORDER_ID>
        <PRODUCT_ID>9</PRODUCT_ID>
        <UNIT_PRICE>110</UNIT_PRICE>
        <QUANTITY>3</QUANTITY>
        <PRODUCT_NAME>Mens Shoes</PRODUCT_NAME>
        <PRODUCT_DESCRIPTION>Leather upper and lower lace up shoes</PRODUCT_DESCRIPTION>
        <ORDER_ITEM_ID>43</ORDER_ITEM_ID>
      </ROWSET2_ROW>
      <ROWSET2_ROW>
        <ORDER_ID>8</ORDER_ID>
        <PRODUCT_ID>2</PRODUCT_ID>
        <UNIT_PRICE>80</UNIT_PRICE>
        <QUANTITY>2</QUANTITY>
        <PRODUCT_NAME>Trousers</PRODUCT_NAME>
        <PRODUCT_DESCRIPTION>Black trousers suitable for every business man</PRODUCT_DESCRIPTION>
        <ORDER_ITEM_ID>40</ORDER_ITEM_ID>
      </ROWSET2_ROW>
      <ROWSET2_ROW>
        <ORDER_ID>8</ORDER_ID>
        <PRODUCT_ID>3</PRODUCT_ID>
        <UNIT_PRICE>150</UNIT_PRICE>
        <QUANTITY>3</QUANTITY>
        <PRODUCT_NAME>Jacket</PRODUCT_NAME>
        <PRODUCT_DESCRIPTION>Fully lined jacket which is both professional and extremely comfortable to wear</PRODUCT_DESCRIPTION>
        <ORDER_ITEM_ID>41</ORDER_ITEM_ID>
      </ROWSET2_ROW>
      <ROWSET2_ROW>
        <ORDER_ID>8</ORDER_ID>
        <PRODUCT_ID>6</PRODUCT_ID>
        <UNIT_PRICE>120</UNIT_PRICE>
        <QUANTITY>1</QUANTITY>
        <PRODUCT_NAME>Ladies Shoes</PRODUCT_NAME>
        <PRODUCT_DESCRIPTION>Low heel and cushioned interior for comfort and style in simple yet elegant shoes</PRODUCT_DESCRIPTION>
        <ORDER_ITEM_ID>42</ORDER_ITEM_ID>
      </ROWSET2_ROW>
      <ROWSET2_ROW>
        <ORDER_ID>9</ORDER_ID>
        <PRODUCT_ID>3</PRODUCT_ID>
        <UNIT_PRICE>150</UNIT_PRICE>
        <QUANTITY>1</QUANTITY>
        <PRODUCT_NAME>Jacket</PRODUCT_NAME>
        <PRODUCT_DESCRIPTION>Fully lined jacket which is both professional and extremely comfortable to wear</PRODUCT_DESCRIPTION>
        <ORDER_ITEM_ID>41</ORDER_ITEM_ID>
      </ROWSET2_ROW>
      <ROWSET2_ROW>
        <ORDER_ID>9</ORDER_ID>
        <PRODUCT_ID>6</PRODUCT_ID>
        <UNIT_PRICE>120</UNIT_PRICE>
        <QUANTITY>1</QUANTITY>
        <PRODUCT_NAME>Ladies Shoes</PRODUCT_NAME>
        <PRODUCT_DESCRIPTION>Low heel and cushioned interior for comfort and style in simple yet elegant shoes</PRODUCT_DESCRIPTION>
        <ORDER_ITEM_ID>42</ORDER_ITEM_ID>
      </ROWSET2_ROW>
    </ROWSET2>
  </REGION>
</DOCUMENT>
