<?xml version="1.0" encoding="iso-8859-1"?>
<list>
  <person>
    <id>12345</id>
    <name>John Schmidt</name>
    <address>Red street 3</address>
    <city>London</city>
    <country>UK</country>
  </person>
  <person>
    <id>4566</id>
    <name>Paul   Bones</name>
    <address>White street 5</address>
    <city>London</city>
    <country>UK</country>
  </person>
  <person>
    <id>34355</id>
    <name>Mark Mayer</name>
    <address>Blue street 5</address>
    <city>London</city>
    <country>UK</country>
  </person>
</list>